id,title,first_name,last_name,email,dob,address1,address2,postcode
1,Ms,Willyt,Gaddesby,wgaddesby0@oracle.com,06/09/2075,8885 Sheridan Point,Penhold,ZR9 1YW
2,Honorable,Carri,Rate,crate1@pcworld.com,1/31/2015,9 Washington Place,,MH01 6RB
3,Rev,Emelyne,Alcorn,ealcorn2@si.edu,01/10/2024,99505 Roth Center,Huangzhawan,JA6 9BO
4,Mrs,Wakefield,Breache,wbreache3@google.com.hk,8/15/2061,406 Warrior Terrace,,WS36 7TY
5,Mr,Valenka,Coats,vcoats4@guardian.co.uk,7/23/2015,945 Sommers Road,,K09 5KA
6,Honorable,Lily,Cremin,lcremin5@blog.com,7/18/2032,7252 Marquette Court,Gumel,A09 0VJ
7,Mrs,Raymund,Lewendon,rlewendon6@4shared.com,07/11/2074,2557 Lukken Place,,TX7 6MN
8,Rev,Sherwood,Gally,sgally7@mit.edu,4/28/2039,1 Fremont Lane,Owen Sound,XY83 7QT
9,Mrs,Helsa,Ryall,hryall8@mayoclinic.com,1/18/2071,941 Schiller Lane,Kotor,UP5 1CB
10,Dr,Wynnie,Vampouille,wvampouille9@statcounter.com,3/23/2031,310 Brentwood Park,Haveluloto,D7 0DX
11,Mr,Xylia,Vernon,xvernona@ning.com,3/27/2013,6297 Atwood Terrace,Buritizeiro,Y3 7RR
12,Dr,Marja,Dole,mdoleb@xrea.com,3/18/2022,32451 Mallory Place,Lachute,BS7I 8AM
13,Ms,Meryl,Bowker,mbowkerc@cam.ac.uk,01/05/2004,9 Manufacturers Trail,,BG33 9IK
14,Dr,Jodee,Crowcum,jcrowcumd@posterous.com,02/03/2066,729 Paget Drive,,E2 7WN
15,Dr,Albert,Geoghegan,ageoghegane@artisteer.com,08/03/2078,07860 Vernon Alley,,K93 7TU
16,Ms,Skipper,Stracey,sstraceyf@vimeo.com,10/15/2014,70 Spohn Center,Enskededalen,LT15 7YX
17,Rev,Chickie,Paye,cpayeg@flavors.me,12/21/2058,3 Lunder Street,Pasirjengkol,F95 0DP
18,Dr,Farand,Fleckness,fflecknessh@csmonitor.com,09/07/2032,21180 Iowa Center,,EA8K 0NP
19,Mrs,Ursa,Baddeley,ubaddeleyi@altervista.org,3/22/2079,077 Mayer Plaza,Sherbrooke,B6M 5PN
20,Honorable,Dall,Simmers,dsimmersj@examiner.com,5/19/2052,0772 Moland Crossing,,H6Q 7HK
21,Honorable,Rochelle,Greenfield,rgreenfieldk@nps.gov,3/15/2073,319 Fairview Center,,O1C 1GY
22,Dr,Ivor,Hearns,ihearnsl@hp.com,3/20/2036,1 Crescent Oaks Avenue,,D2 0DL
23,Mr,Shelby,Currao,scurraom@drupal.org,12/15/2012,659 Hollow Ridge Crossing,,J0 7CZ
24,Ms,Franciskus,Drinkhill,fdrinkhilln@un.org,08/10/2053,5 Mariners Cove Alley,Dhahab,Q7 0ZK
25,Honorable,Cthrine,Windrus,cwindruso@examiner.com,8/30/2005,0 Briar Crest Court,Tr¼£ng BÌÊng,KF1 6SE
26,Ms,Lulu,Whyborn,lwhybornp@dion.ne.jp,8/20/2035,9760 Jenifer Crossing,,F7U 0JA
27,Dr,Sindee,Mc Gorley,smcgorleyq@csmonitor.com,09/07/2009,6 Sunbrook Road,Jastrzªbia,VD8 9NY
28,Mr,Cornelle,Frantz,cfrantzr@cam.ac.uk,7/15/2069,646 Golf View Way,Zalishchyky,OL59 3KW
29,Dr,Ciro,Cossans,ccossanss@1und1.de,10/07/2036,49 Dapin Parkway,,M4B 4YU
30,Mrs,Barclay,Falla,bfallat@virginia.edu,10/10/2019,1828 Brentwood Way,Baṛo de Melga̤o,KJ5 6FV
31,Mrs,Rodge,Durbin,rdurbinu@multiply.com,03/03/2021,67322 Bartillon Center,,OK2 1HE
32,Honorable,Edsel,Paulin,epaulinv@yellowpages.com,02/02/2064,4030 Atwood Place,,W0 2ZI
33,Honorable,Liv,Rofe,lrofew@mozilla.org,03/09/2060,82 Village Green Trail,Shengshan,H2O 6MG
34,Dr,Evered,MacUchadair,emacuchadairx@skype.com,3/15/2016,627 Washington Lane,KurÌ_w,DL0I 8ET
35,Dr,Bonni,Stainland,bstainlandy@blog.com,01/03/2004,31 Atwood Trail,Bolkhov,CA9F 3CK
36,Mr,Lancelot,Gontier,lgontierz@mozilla.org,7/18/2029,626 Sutherland Pass,Kuusjoki,LT2T 0GF
37,Ms,Aila,Brennon,abrennon10@hexun.com,11/21/2031,113 Welch Hill,,SU84 3WT
38,Ms,Gunter,Swatradge,gswatradge11@engadget.com,4/22/2064,903 Gerald Way,,TZ0O 1DU
39,Mrs,Ario,Tabb,atabb12@ycombinator.com,4/19/2026,5872 Homewood Terrace,,B3H 8DZ
40,Mrs,Lurline,Kimberley,lkimberley13@aol.com,5/17/2009,7 Summer Ridge Plaza,San Felipe Old,Q42 5QA
41,Ms,Ynes,Daintrey,ydaintrey14@census.gov,11/04/2045,035 Coolidge Trail,Luodong,W16 9XL
42,Ms,Cacilie,Leiden,cleiden15@cam.ac.uk,06/02/2033,8 Mosinee Avenue,Talpe,P97 8ZK
43,Dr,Alvina,Muller,amuller16@bbc.co.uk,8/25/2059,334 4th Pass,,H4X 8JY
44,Honorable,Hyatt,Tuxill,htuxill17@cdbaby.com,10/15/2005,6309 Oak Valley Place,Fazenda de Santa Cruz,OH01 5MU
45,Ms,Redd,Exer,rexer18@rediff.com,09/07/2023,3779 Sloan Park,StrÌ¦msnÌ_sbruk,L5O 0OG
46,Mrs,Brendon,Minchinden,bminchinden19@smugmug.com,4/13/2076,64512 Del Sol Way,,YI5 5JV
47,Mrs,Harli,Bullus,hbullus1a@hubpages.com,9/17/2016,04 Claremont Lane,,XP2V 9FC
48,Honorable,Smitty,Shemelt,sshemelt1b@nydailynews.com,01/02/2077,75 Pepper Wood Court,,X3 2ZV
49,Ms,Richart,Blackey,rblackey1c@cocolog-nifty.com,10/18/2043,1 Marcy Lane,Pingqiao,GX6P 2KD
50,Ms,Elenore,Willimont,ewillimont1d@1688.com,05/03/2077,19040 Maryland Junction,,W85 8JE